{
    "version": 1,
    "disable_existing_loggers": false,
    "formatters": {
        "simple": {
            "format": "%(asctime)s - %(name)s - %(levelname)s - %(inst_name)s - %(message)s"
        }
    },

    "handlers": {
        "console": {
            "class": "logging.StreamHandler",
            "formatter": "simple",
            "stream": "ext://sys.stdout"
        },

        "face_file_handler": {
            "class": "logging.handlers.RotatingFileHandler",
            "formatter": "simple",
            "filename": "..//face_eng.log",
            "maxBytes": 10485760,
            "backupCount": 20,
            "encoding": "utf8"
        }
    },

    "loggers": {
        "FACE": {
            "level": "INFO",
            "handlers": ["console", "face_file_handler"],
            "propagate": "no"
        },
        "stomp.py": {
            "level": "INFO",
            "handlers": [],
            "propagate": "no"
        }
    },

    "root": {
        "level": "INFO",
        "handlers": []
    }
}