﻿<?xml version="1.0" encoding="utf-8"?>
<Project ToolsVersion="14.0" xmlns="http://schemas.microsoft.com/developer/msbuild/2003">
  <PropertyGroup>
    <IncludeCompositeObjects>True</IncludeCompositeObjects>
    <TargetDatabaseName>FaceRec-TST</TargetDatabaseName>
    <DeployScriptFileName>FaceRec_TST.sql</DeployScriptFileName>
    <TargetConnectionString>Data Source=EU-TS-CLS01AG1L.DEVELOPMENT.INT,17050;Integrated Security=True;Persist Security Info=False;Pooling=False;MultipleActiveResultSets=False;Connect Timeout=60;Encrypt=False;TrustServerCertificate=True</TargetConnectionString>
    <ScriptDatabaseOptions>False</ScriptDatabaseOptions>
    <BlockOnPossibleDataLoss>False</BlockOnPossibleDataLoss>
    <ProfileVersionNumber>1</ProfileVersionNumber>
    <DropObjectsNotInSource>True</DropObjectsNotInSource>
    <DoNotDropUsers>True</DoNotDropUsers>
    <DoNotDropSignatures>False</DoNotDropSignatures>
    <DoNotDropServerRoleMembership>True</DoNotDropServerRoleMembership>
    <DoNotDropServerAuditSpecifications>True</DoNotDropServerAuditSpecifications>
    <DoNotDropRoleMembership>True</DoNotDropRoleMembership>
    <DoNotDropLogins>True</DoNotDropLogins>
    <DoNotDropLinkedServers>True</DoNotDropLinkedServers>
    <DoNotDropLinkedServerLogins>True</DoNotDropLinkedServerLogins>
    <DoNotDropFullTextStoplists>True</DoNotDropFullTextStoplists>
    <DoNotDropFullTextCatalogs>True</DoNotDropFullTextCatalogs>
    <DoNotDropApplicationRoles>True</DoNotDropApplicationRoles>
    <DoNotDropAssemblies>True</DoNotDropAssemblies>
    <DoNotDropAudits>True</DoNotDropAudits>
    <DoNotDropBrokerPriorities>True</DoNotDropBrokerPriorities>
    <DoNotDropCertificates>True</DoNotDropCertificates>
    <DoNotDropColumnMasterKeys>True</DoNotDropColumnMasterKeys>
    <DoNotDropContracts>True</DoNotDropContracts>
    <DoNotDropCredentials>True</DoNotDropCredentials>
    <DoNotDropCryptographicProviders>True</DoNotDropCryptographicProviders>
    <DoNotDropDatabaseAuditSpecifications>True</DoNotDropDatabaseAuditSpecifications>
    <DoNotDropDatabaseRoles>True</DoNotDropDatabaseRoles>
    <DoNotDropDatabaseScopedCredentials>True</DoNotDropDatabaseScopedCredentials>
    <DoNotDropFilegroups>True</DoNotDropFilegroups>
    <DoNotDropPermissions>True</DoNotDropPermissions>
    <DoNotDropQueues>True</DoNotDropQueues>
    <DoNotDropRemoteServiceBindings>True</DoNotDropRemoteServiceBindings>
    <DoNotDropRoutes>True</DoNotDropRoutes>
    <DoNotDropRules>True</DoNotDropRules>
    <DoNotDropSecurityPolicies>True</DoNotDropSecurityPolicies>
  </PropertyGroup>
</Project>