﻿<?xml version="1.0" encoding="utf-8"?>
<Project ToolsVersion="14.0" xmlns="http://schemas.microsoft.com/developer/msbuild/2003">
  <PropertyGroup>
    <IncludeCompositeObjects>True</IncludeCompositeObjects>
    <TargetDatabaseName>FaceRec</TargetDatabaseName>
    <DeployScriptFileName>FaceRec.sql</DeployScriptFileName>
    <TargetConnectionString>Data Source=.\SQLEXPRESS;Integrated Security=True;Pooling=False</TargetConnectionString>
    <ScriptDatabaseOptions>True</ScriptDatabaseOptions>
    <BlockOnPossibleDataLoss>False</BlockOnPossibleDataLoss>
    <ProfileVersionNumber>1</ProfileVersionNumber>
    <DropObjectsNotInSource>True</DropObjectsNotInSource>
  </PropertyGroup>
</Project>