{
    "autoConfirm": false,
    "faces": [
        {
            "id": "314537e68acc2b4d510f5adee36e70de",
            "boundingBox": null,
            "features": null,
            "qualityScore": 0.0,
            "imageRef": null,
            "confirmed": false,
            "metadata": {},
            "tags": [],
            "sienaRefs": null,
            "focalPoints": null,
            "insertedBy": null,
            "insertedOn": "2017-09-11T14:55:19.167689Z",
            "lastUpdatedOn": "2017-09-11T14:55:19.167689Z",
            "evaluated": false,
            "softDeleted": false,
            "watchListed": false,
            "alreadyExisting": false
        }
    ],
    "imageRef": null,
    "tags": null,
    "sienaRefs": null,
    "focalPoints": null,
    "faceQualityScoreThreshold": 0.0,
    "cmdType": "RemoveFacesCommand",
    "token": "5319f923-0332-4346-a05f-f7e3f69f7f6f",
    "createdBy": "DEV\\FaceRecSvcTst",
    "createdOn": "2017-09-11T14:55:19.167689Z",
    "lastUpdatedBy": "DEV\\FaceRecSvcTst",
    "lastUpdatedOn": "2017-09-11T14:55:19.167689Z",
    "totalSteps": 1,
    "lastStepCompleted": 0,
    "errorMessage": null
}